{
  "per_class_precision": [
    0.75,
    0.9368421052631579,
    0.7848101265822784,
    0.6440677966101694,
    0.7254901960784313,
    0.7835051546391752,
    0.7788461538461539,
    0.8695652173913043,
    0.8380952380952381,
    0.88
  ],
  "per_class_recall": [
    0.81,
    0.89,
    0.62,
    0.76,
    0.74,
    0.76,
    0.81,
    0.8,
    0.88,
    0.88
  ],
  "per_class_f1": [
    0.7788461538461539,
    0.9128205128205129,
    0.6927374301675978,
    0.6972477064220184,
    0.7326732673267328,
    0.7715736040609137,
    0.7941176470588236,
    0.8333333333333333,
    0.8585365853658538,
    0.88
  ],
  "macro_precision": 0.7991221988505908,
  "macro_recall": 0.795,
  "macro_f1": 0.795188624040194,
  "micro_precision": 0.795,
  "micro_recall": 0.795,
  "micro_f1": 0.795,
  "accuracy": 0.795,
  "model": "NumPy GaussianNB",
  "n_classes": 10
}