Model,Accuracy,Precision,Recall,F1
mlp_base,0.823,0.8249285480540136,0.8229999999999998,0.8232984871029159
mlp_narrow,0.814,0.8175083545679728,0.8140000000000001,0.8145403043610593
mlp_wide,0.829,0.8356820612361545,0.829,0.8300776358964128
mlp_extra_wide,0.814,0.8171115164256813,0.8140000000000001,0.814523155413298
