Model,Accuracy,Precision,Recall,F1
mlp_1layer,0.831,0.8349169850224488,0.8310000000000001,0.8316513838427116
mlp_3layer,0.833,0.8361596581760893,0.833,0.8337560894176657
